<?xml version="1.0" encoding="UTF-8"?>
<vcs-root xmlns:xsi="http://www.w3.org/2001/XMLSchema-instance" uuid="8027084f-fd37-4efd-93dc-07eb093a60ba" type="jetbrains.git" xsi:noNamespaceSchemaLocation="http://www.jetbrains.com/teamcity/schemas/9.0/project-config.xsd">
  <name>Compass-Mobile</name>
  <param name="agentCleanFilesPolicy" value="ALL_UNTRACKED" />
  <param name="agentCleanPolicy" value="ON_BRANCH_CHANGE" />
  <param name="authMethod" value="PASSWORD" />
  <param name="branch" value="refs/heads/dev" />
  <param name="ignoreKnownHosts" value="true" />
  <param name="secure:password" value="zxx6413c8e7c88746d9c976ec430a3c085d" />
  <param name="submoduleCheckout" value="CHECKOUT" />
  <param name="url" value="https://github.com/CompassPHS/Compass-Mobile" />
  <param name="useAlternates" value="true" />
  <param name="username" value="luis.lafer-sousa@parivedasolutions.com" />
  <param name="usernameStyle" value="USERID" />
</vcs-root>

