<root>
  <page path="/">
    <usage userId="1" timestamp="1427476060141" />
  </page>
  <page path="/admin/admin.html">
    <usage userId="1" timestamp="1427475528215" />
  </page>
  <page path="/agentDetails.html">
    <usage userId="1" timestamp="1427476453512" />
  </page>
  <page path="/agents.html">
    <usage userId="1" timestamp="1427476456141" />
  </page>
  <page path="/agents.html?tab=disconnectedAgents">
    <usage userId="1" timestamp="1427476456142" />
  </page>
  <page path="/agents.html?tab=registeredAgents">
    <usage userId="1" timestamp="1427476457222" />
  </page>
  <page path="/allProjects.html">
    <usage userId="1" timestamp="1427475069297" />
  </page>
  <page path="/overview.html">
    <usage userId="1" timestamp="1427476459987" />
  </page>
  <page path="/profile.html">
    <usage userId="1" timestamp="1427475025043" />
  </page>
  <page path="/profile.html?tab=userGeneralSettings">
    <usage userId="1" timestamp="1427475054296" />
  </page>
  <page path="/profile.html?tab=userGroups">
    <usage userId="1" timestamp="1427475052415" />
  </page>
  <page path="/profile.html?tab=userNotifications">
    <usage userId="1" timestamp="1427475045536" />
  </page>
</root>