<?xml version="1.0" encoding="UTF-8"?>
<build-type xmlns:xsi="http://www.w3.org/2001/XMLSchema-instance" uuid="9b216e71-d361-49df-8c06-870dce8faded" xsi:noNamespaceSchemaLocation="http://www.jetbrains.com/teamcity/schemas/9.0/project-config.xsd">
  <name>Test Cloud Droid</name>
  <description />
  <settings>
    <parameters />
    <build-runners>
      <runner id="RUNNER_9" name="Build and Upload to Test Cloud" type="simpleRunner">
        <parameters>
          <param name="script.content" value="&quot;%teamcity.build.checkoutDir%/build-scripts/TestCloudDroid.sh&quot;" />
          <param name="teamcity.step.mode" value="default" />
          <param name="use.custom.script" value="true" />
        </parameters>
      </runner>
    </build-runners>
    <vcs-settings>
      <vcs-entry-ref root-id="CompassMobileApp_CompassMobile" />
    </vcs-settings>
    <requirements />
    <build-triggers>
      <build-trigger id="TRIGGER_1" type="schedulingTrigger">
        <parameters>
          <param name="cronExpression_dm" value="*" />
          <param name="cronExpression_dw" value="?" />
          <param name="cronExpression_hour" value="*" />
          <param name="cronExpression_min" value="0" />
          <param name="cronExpression_month" value="*" />
          <param name="cronExpression_sec" value="0" />
          <param name="cronExpression_year" value="*" />
          <param name="dayOfWeek" value="Monday" />
          <param name="hour" value="5" />
          <param name="minute" value="0" />
          <param name="schedulingPolicy" value="weekly" />
          <param name="timezone" value="SERVER" />
          <param name="triggerBuildWithPendingChangesOnly" value="true" />
        </parameters>
      </build-trigger>
    </build-triggers>
    <cleanup />
  </settings>
</build-type>

