<?xml version="1.0" encoding="UTF-8"?>
<build-type xmlns:xsi="http://www.w3.org/2001/XMLSchema-instance" uuid="7e5d7f1c-ad85-4937-9143-a5d26ffdaaac" xsi:noNamespaceSchemaLocation="http://www.jetbrains.com/teamcity/schemas/9.0/project-config.xsd">
  <name>Appstore Droid</name>
  <description />
  <settings>
    <parameters />
    <build-runners>
      <runner id="RUNNER_11" name="Build APK" type="simpleRunner">
        <parameters>
          <param name="script.content" value="&quot;%teamcity.build.checkoutDir%/build-scripts/AppStoreDroid.sh&quot;" />
          <param name="teamcity.step.mode" value="default" />
          <param name="use.custom.script" value="true" />
        </parameters>
      </runner>
      <runner id="RUNNER_13" name="Copy to Desktop" type="simpleRunner">
        <parameters>
          <param name="script.content" value="cp -f &quot;%teamcity.build.checkoutDir%/CompassMobile.Droid.Phone/bin/release/com.compassphs.healthprocloud.android.apk&quot; &quot;/Users/buildinator/Desktop&quot;" />
          <param name="teamcity.step.mode" value="default" />
          <param name="use.custom.script" value="true" />
        </parameters>
      </runner>
    </build-runners>
    <vcs-settings>
      <vcs-entry-ref root-id="CompassMobileApp_CompassMobile" />
    </vcs-settings>
    <requirements />
    <build-triggers />
    <cleanup />
  </settings>
</build-type>

