<?xml version="1.0" encoding="UTF-8"?>
<build-type xmlns:xsi="http://www.w3.org/2001/XMLSchema-instance" uuid="c38165e6-9ead-462c-89e5-1b366a18ceab" xsi:noNamespaceSchemaLocation="http://www.jetbrains.com/teamcity/schemas/9.0/project-config.xsd">
  <name>Local Tests Droid</name>
  <description />
  <settings>
    <parameters />
    <build-runners>
      <runner id="RUNNER_5" name="Common Code Build" type="simpleRunner">
        <parameters>
          <param name="script.content" value="&quot;%teamcity.build.checkoutDir%/build-scripts/build.sh&quot; &quot;common-build&quot;" />
          <param name="teamcity.step.mode" value="default" />
          <param name="use.custom.script" value="true" />
        </parameters>
      </runner>
      <runner id="RUNNER_6" name="Common Code Unit Tests" type="simpleRunner">
        <parameters>
          <param name="script.content" value="&quot;%teamcity.build.checkoutDir%/build-scripts/build.sh&quot; &quot;common-tests-build&quot;" />
          <param name="teamcity.step.mode" value="default" />
          <param name="use.custom.script" value="true" />
        </parameters>
      </runner>
      <runner id="RUNNER_7" name="Android App Build" type="simpleRunner">
        <parameters>
          <param name="script.content" value="&quot;%teamcity.build.checkoutDir%/build-scripts/build.sh&quot; &quot;android-build&quot;" />
          <param name="teamcity.step.mode" value="default" />
          <param name="use.custom.script" value="true" />
        </parameters>
      </runner>
      <runner id="RUNNER_8" name="Android App UI Tests" type="simpleRunner">
        <parameters>
          <param name="script.content" value="&quot;%teamcity.build.checkoutDir%/build-scripts/build.sh&quot; &quot;android-uitests&quot;" />
          <param name="teamcity.step.mode" value="default" />
          <param name="use.custom.script" value="true" />
        </parameters>
      </runner>
    </build-runners>
    <vcs-settings>
      <vcs-entry-ref root-id="CompassMobileApp_CompassMobile" />
    </vcs-settings>
    <requirements />
    <build-triggers>
      <build-trigger id="vcsTrigger" type="vcsTrigger">
        <parameters>
          <param name="quietPeriodMode" value="DO_NOT_USE" />
        </parameters>
      </build-trigger>
    </build-triggers>
    <cleanup />
  </settings>
</build-type>

