<?xml version="1.0" encoding="UTF-8"?>
<build-type xmlns:xsi="http://www.w3.org/2001/XMLSchema-instance" uuid="bcfd1243-12da-4782-b88f-d26234012768" xsi:noNamespaceSchemaLocation="http://www.jetbrains.com/teamcity/schemas/9.0/project-config.xsd">
  <name>Appstore iOS</name>
  <description />
  <settings>
    <parameters />
    <build-runners>
      <runner id="RUNNER_12" name="Build IPA" type="simpleRunner">
        <parameters>
          <param name="script.content" value="&quot;%teamcity.build.checkoutDir%/build-scripts/AppStoreiOS.sh&quot;" />
          <param name="teamcity.step.mode" value="default" />
          <param name="use.custom.script" value="true" />
        </parameters>
      </runner>
      <runner id="RUNNER_14" name="Copy to Desktop" type="simpleRunner">
        <parameters>
          <param name="script.content" value="cp -f &quot;%teamcity.build.checkoutDir%/CompassMobile.iOS.Phone/bin/iPhone/AppStore/CompassMobile.iOS.Phone.ipa&quot; &quot;/Users/buildinator/Desktop&quot;" />
          <param name="teamcity.step.mode" value="default" />
          <param name="use.custom.script" value="true" />
        </parameters>
      </runner>
    </build-runners>
    <vcs-settings>
      <vcs-entry-ref root-id="CompassMobileApp_CompassMobile" />
    </vcs-settings>
    <requirements />
    <build-triggers />
    <cleanup />
  </settings>
</build-type>

